<?xml version="1.0" encoding="UTF-8"?>
<office:document-content
 xmlns:grddl="http://www.w3.org/2003/g/data-view#"
 xmlns:office="urn:oasis:names:tc:opendocument:xmlns:office:1.0"
 xmlns:style="urn:oasis:names:tc:opendocument:xmlns:style:1.0"
 xmlns:text="urn:oasis:names:tc:opendocument:xmlns:text:1.0"
 grddl:transformation="http://docs.oasis-open.org/office/1.2/xslt/odf2rdf.xsl"
 office:version="1.2">
  <office:automatic-styles>
    <style:style style:name="Image001" style:family="paragraph" style:master-page-name="Image001"><style:paragraph-properties style:page-number="auto"/></style:style>
    <style:style style:name="Image002" style:family="paragraph" style:master-page-name="Image002"><style:paragraph-properties style:page-number="auto"/></style:style>
    <style:style style:name="Image003" style:family="paragraph" style:master-page-name="Image003"><style:paragraph-properties style:page-number="auto"/></style:style>
    <style:style style:name="Image004" style:family="paragraph" style:master-page-name="Image004"><style:paragraph-properties style:page-number="auto"/></style:style>
    <style:style style:name="Image005" style:family="paragraph" style:master-page-name="Image005"><style:paragraph-properties style:page-number="auto"/></style:style>
    <style:style style:name="Image006" style:family="paragraph" style:master-page-name="Image006"><style:paragraph-properties style:page-number="auto"/></style:style>
    <style:style style:name="Image007" style:family="paragraph" style:master-page-name="Image007"><style:paragraph-properties style:page-number="auto"/></style:style>
    <style:style style:name="Image008" style:family="paragraph" style:master-page-name="Image008"><style:paragraph-properties style:page-number="auto"/></style:style>
    <style:style style:name="Image009" style:family="paragraph" style:master-page-name="Image009"><style:paragraph-properties style:page-number="auto"/></style:style>
    <style:style style:name="Image010" style:family="paragraph" style:master-page-name="Image010"><style:paragraph-properties style:page-number="auto"/></style:style>
    <style:style style:name="Image011" style:family="paragraph" style:master-page-name="Image011"><style:paragraph-properties style:page-number="auto"/></style:style>
    <style:style style:name="Image012" style:family="paragraph" style:master-page-name="Image012"><style:paragraph-properties style:page-number="auto"/></style:style>
    <style:style style:name="Image013" style:family="paragraph" style:master-page-name="Image013"><style:paragraph-properties style:page-number="auto"/></style:style>
    <style:style style:name="Image014" style:family="paragraph" style:master-page-name="Image014"><style:paragraph-properties style:page-number="auto"/></style:style>
    <style:style style:name="Image015" style:family="paragraph" style:master-page-name="Image015"><style:paragraph-properties style:page-number="auto"/></style:style>
    <style:style style:name="Image016" style:family="paragraph" style:master-page-name="Image016"><style:paragraph-properties style:page-number="auto"/></style:style>
    <style:style style:name="Image017" style:family="paragraph" style:master-page-name="Image017"><style:paragraph-properties style:page-number="auto"/></style:style>
    <style:style style:name="Image018" style:family="paragraph" style:master-page-name="Image018"><style:paragraph-properties style:page-number="auto"/></style:style>
    <style:style style:name="Image019" style:family="paragraph" style:master-page-name="Image019"><style:paragraph-properties style:page-number="auto"/></style:style>
    <style:style style:name="Image020" style:family="paragraph" style:master-page-name="Image020"><style:paragraph-properties style:page-number="auto"/></style:style>
    <style:style style:name="Image021" style:family="paragraph" style:master-page-name="Image021"><style:paragraph-properties style:page-number="auto"/></style:style>
    <style:style style:name="Image022" style:family="paragraph" style:master-page-name="Image022"><style:paragraph-properties style:page-number="auto"/></style:style>
    <style:style style:name="Image023" style:family="paragraph" style:master-page-name="Image023"><style:paragraph-properties style:page-number="auto"/></style:style>
    <style:style style:name="Image024" style:family="paragraph" style:master-page-name="Image024"><style:paragraph-properties style:page-number="auto"/></style:style>
    <style:style style:name="Image025" style:family="paragraph" style:master-page-name="Image025"><style:paragraph-properties style:page-number="auto"/></style:style>
    <style:style style:name="Image026" style:family="paragraph" style:master-page-name="Image026"><style:paragraph-properties style:page-number="auto"/></style:style>
    <style:style style:name="Image027" style:family="paragraph" style:master-page-name="Image027"><style:paragraph-properties style:page-number="auto"/></style:style>
    <style:style style:name="Image028" style:family="paragraph" style:master-page-name="Image028"><style:paragraph-properties style:page-number="auto"/></style:style>
    <style:style style:name="Image029" style:family="paragraph" style:master-page-name="Image029"><style:paragraph-properties style:page-number="auto"/></style:style>
    <style:style style:name="Image030" style:family="paragraph" style:master-page-name="Image030"><style:paragraph-properties style:page-number="auto"/></style:style>
    <style:style style:name="Image031" style:family="paragraph" style:master-page-name="Image031"><style:paragraph-properties style:page-number="auto"/></style:style>
    <style:style style:name="Image032" style:family="paragraph" style:master-page-name="Image032"><style:paragraph-properties style:page-number="auto"/></style:style>
    <style:style style:name="Image033" style:family="paragraph" style:master-page-name="Image033"><style:paragraph-properties style:page-number="auto"/></style:style>
    <style:style style:name="Image034" style:family="paragraph" style:master-page-name="Image034"><style:paragraph-properties style:page-number="auto"/></style:style>
    <style:style style:name="Image035" style:family="paragraph" style:master-page-name="Image035"><style:paragraph-properties style:page-number="auto"/></style:style>
    <style:style style:name="Image036" style:family="paragraph" style:master-page-name="Image036"><style:paragraph-properties style:page-number="auto"/></style:style>
    <style:style style:name="Image037" style:family="paragraph" style:master-page-name="Image037"><style:paragraph-properties style:page-number="auto"/></style:style>
    <style:style style:name="Image038" style:family="paragraph" style:master-page-name="Image038"><style:paragraph-properties style:page-number="auto"/></style:style>
    <style:style style:name="Image039" style:family="paragraph" style:master-page-name="Image039"><style:paragraph-properties style:page-number="auto"/></style:style>
    <style:style style:name="Image040" style:family="paragraph" style:master-page-name="Image040"><style:paragraph-properties style:page-number="auto"/></style:style>
    <style:style style:name="Image041" style:family="paragraph" style:master-page-name="Image041"><style:paragraph-properties style:page-number="auto"/></style:style>
    <style:style style:name="Image042" style:family="paragraph" style:master-page-name="Image042"><style:paragraph-properties style:page-number="auto"/></style:style>
    <style:style style:name="Image043" style:family="paragraph" style:master-page-name="Image043"><style:paragraph-properties style:page-number="auto"/></style:style>
    <style:style style:name="Image044" style:family="paragraph" style:master-page-name="Image044"><style:paragraph-properties style:page-number="auto"/></style:style>
    <style:style style:name="Image045" style:family="paragraph" style:master-page-name="Image045"><style:paragraph-properties style:page-number="auto"/></style:style>
    <style:style style:name="Image046" style:family="paragraph" style:master-page-name="Image046"><style:paragraph-properties style:page-number="auto"/></style:style>
    <style:style style:name="Image047" style:family="paragraph" style:master-page-name="Image047"><style:paragraph-properties style:page-number="auto"/></style:style>
    <style:style style:name="Image048" style:family="paragraph" style:master-page-name="Image048"><style:paragraph-properties style:page-number="auto"/></style:style>
    <style:style style:name="Image049" style:family="paragraph" style:master-page-name="Image049"><style:paragraph-properties style:page-number="auto"/></style:style>
    <style:style style:name="Image050" style:family="paragraph" style:master-page-name="Image050"><style:paragraph-properties style:page-number="auto"/></style:style>
  </office:automatic-styles>
  <office:body>
    <office:text text:use-soft-page-breaks="true">
      <text:p text:style-name="Image001"/>
      <text:p text:style-name="Image002"/>
      <text:p text:style-name="Image003"/>
      <text:p text:style-name="Image004"/>
      <text:p text:style-name="Image005"/>
      <text:p text:style-name="Image006"/>
      <text:p text:style-name="Image007"/>
      <text:p text:style-name="Image008"/>
      <text:p text:style-name="Image009"/>
      <text:p text:style-name="Image010"/>
      <text:p text:style-name="Image011"/>
      <text:p text:style-name="Image012"/>
      <text:p text:style-name="Image013"/>
      <text:p text:style-name="Image014"/>
      <text:p text:style-name="Image015"/>
      <text:p text:style-name="Image016"/>
      <text:p text:style-name="Image017"/>
      <text:p text:style-name="Image018"/>
      <text:p text:style-name="Image019"/>
      <text:p text:style-name="Image020"/>
      <text:p text:style-name="Image021"/>
      <text:p text:style-name="Image022"/>
      <text:p text:style-name="Image023"/>
      <text:p text:style-name="Image024"/>
      <text:p text:style-name="Image025"/>
      <text:p text:style-name="Image026"/>
      <text:p text:style-name="Image027"/>
      <text:p text:style-name="Image028"/>
      <text:p text:style-name="Image029"/>
      <text:p text:style-name="Image030"/>
      <text:p text:style-name="Image031"/>
      <text:p text:style-name="Image032"/>
      <text:p text:style-name="Image033"/>
      <text:p text:style-name="Image034"/>
      <text:p text:style-name="Image035"/>
      <text:p text:style-name="Image036"/>
      <text:p text:style-name="Image037"/>
      <text:p text:style-name="Image038"/>
      <text:p text:style-name="Image039"/>
      <text:p text:style-name="Image040"/>
      <text:p text:style-name="Image041"/>
      <text:p text:style-name="Image042"/>
      <text:p text:style-name="Image043"/>
      <text:p text:style-name="Image044"/>
      <text:p text:style-name="Image045"/>
      <text:p text:style-name="Image046"/>
      <text:p text:style-name="Image047"/>
      <text:p text:style-name="Image048"/>
      <text:p text:style-name="Image049"/>
      <text:p text:style-name="Image050"/>
    </office:text>
  </office:body>
</office:document-content>
