<?xml version="1.0" encoding="UTF-8"?>
<office:document-styles xmlns:office="urn:oasis:names:tc:opendocument:xmlns:office:1.0"
 xmlns:fo="urn:oasis:names:tc:opendocument:xmlns:xsl-fo-compatible:1.0"
 xmlns:grddl="http://www.w3.org/2003/g/data-view#"
 xmlns:style="urn:oasis:names:tc:opendocument:xmlns:style:1.0"
 xmlns:xlink="http://www.w3.org/1999/xlink"
 grddl:transformation="http://docs.oasis-open.org/office/1.2/xslt/odf2rdf.xsl"
 office:version="1.2">
  <office:automatic-styles>
    <style:page-layout style:name="Image001"><style:page-layout-properties fo:page-width="8.5in" fo:page-height="11in" style:num-format="1" style:print-orientation="portrait" fo:margin-top="0in" fo:margin-bottom="0in" fo:margin-left="0in" fo:margin-right="0in" fo:background-color="transparent" style:writing-mode="lr-tb" style:footnote-max-height="0in"><style:background-image xlink:href="Pictures/Image-001.png" xlink:type="simple" xlink:actuate="onLoad" style:position="center center" style:repeat="no-repeat"/></style:page-layout-properties></style:page-layout>
    <style:page-layout style:name="Image002"><style:page-layout-properties fo:page-width="8.5in" fo:page-height="11in" style:num-format="1" style:print-orientation="portrait" fo:margin-top="0in" fo:margin-bottom="0in" fo:margin-left="0in" fo:margin-right="0in" fo:background-color="transparent" style:writing-mode="lr-tb" style:footnote-max-height="0in"><style:background-image xlink:href="Pictures/Image-002.png" xlink:type="simple" xlink:actuate="onLoad" style:position="center center" style:repeat="no-repeat"/></style:page-layout-properties></style:page-layout>
    <style:page-layout style:name="Image003"><style:page-layout-properties fo:page-width="8.5in" fo:page-height="11in" style:num-format="1" style:print-orientation="portrait" fo:margin-top="0in" fo:margin-bottom="0in" fo:margin-left="0in" fo:margin-right="0in" fo:background-color="transparent" style:writing-mode="lr-tb" style:footnote-max-height="0in"><style:background-image xlink:href="Pictures/Image-003.png" xlink:type="simple" xlink:actuate="onLoad" style:position="center center" style:repeat="no-repeat"/></style:page-layout-properties></style:page-layout>
    <style:page-layout style:name="Image004"><style:page-layout-properties fo:page-width="8.5in" fo:page-height="11in" style:num-format="1" style:print-orientation="portrait" fo:margin-top="0in" fo:margin-bottom="0in" fo:margin-left="0in" fo:margin-right="0in" fo:background-color="transparent" style:writing-mode="lr-tb" style:footnote-max-height="0in"><style:background-image xlink:href="Pictures/Image-004.png" xlink:type="simple" xlink:actuate="onLoad" style:position="center center" style:repeat="no-repeat"/></style:page-layout-properties></style:page-layout>
    <style:page-layout style:name="Image005"><style:page-layout-properties fo:page-width="8.5in" fo:page-height="11in" style:num-format="1" style:print-orientation="portrait" fo:margin-top="0in" fo:margin-bottom="0in" fo:margin-left="0in" fo:margin-right="0in" fo:background-color="transparent" style:writing-mode="lr-tb" style:footnote-max-height="0in"><style:background-image xlink:href="Pictures/Image-005.png" xlink:type="simple" xlink:actuate="onLoad" style:position="center center" style:repeat="no-repeat"/></style:page-layout-properties></style:page-layout>
    <style:page-layout style:name="Image006"><style:page-layout-properties fo:page-width="8.5in" fo:page-height="11in" style:num-format="1" style:print-orientation="portrait" fo:margin-top="0in" fo:margin-bottom="0in" fo:margin-left="0in" fo:margin-right="0in" fo:background-color="transparent" style:writing-mode="lr-tb" style:footnote-max-height="0in"><style:background-image xlink:href="Pictures/Image-006.png" xlink:type="simple" xlink:actuate="onLoad" style:position="center center" style:repeat="no-repeat"/></style:page-layout-properties></style:page-layout>
    <style:page-layout style:name="Image007"><style:page-layout-properties fo:page-width="8.5in" fo:page-height="11in" style:num-format="1" style:print-orientation="portrait" fo:margin-top="0in" fo:margin-bottom="0in" fo:margin-left="0in" fo:margin-right="0in" fo:background-color="transparent" style:writing-mode="lr-tb" style:footnote-max-height="0in"><style:background-image xlink:href="Pictures/Image-007.png" xlink:type="simple" xlink:actuate="onLoad" style:position="center center" style:repeat="no-repeat"/></style:page-layout-properties></style:page-layout>
    <style:page-layout style:name="Image008"><style:page-layout-properties fo:page-width="8.5in" fo:page-height="11in" style:num-format="1" style:print-orientation="portrait" fo:margin-top="0in" fo:margin-bottom="0in" fo:margin-left="0in" fo:margin-right="0in" fo:background-color="transparent" style:writing-mode="lr-tb" style:footnote-max-height="0in"><style:background-image xlink:href="Pictures/Image-008.png" xlink:type="simple" xlink:actuate="onLoad" style:position="center center" style:repeat="no-repeat"/></style:page-layout-properties></style:page-layout>
    <style:page-layout style:name="Image009"><style:page-layout-properties fo:page-width="8.5in" fo:page-height="11in" style:num-format="1" style:print-orientation="portrait" fo:margin-top="0in" fo:margin-bottom="0in" fo:margin-left="0in" fo:margin-right="0in" fo:background-color="transparent" style:writing-mode="lr-tb" style:footnote-max-height="0in"><style:background-image xlink:href="Pictures/Image-009.png" xlink:type="simple" xlink:actuate="onLoad" style:position="center center" style:repeat="no-repeat"/></style:page-layout-properties></style:page-layout>
    <style:page-layout style:name="Image010"><style:page-layout-properties fo:page-width="8.5in" fo:page-height="11in" style:num-format="1" style:print-orientation="portrait" fo:margin-top="0in" fo:margin-bottom="0in" fo:margin-left="0in" fo:margin-right="0in" fo:background-color="transparent" style:writing-mode="lr-tb" style:footnote-max-height="0in"><style:background-image xlink:href="Pictures/Image-010.png" xlink:type="simple" xlink:actuate="onLoad" style:position="center center" style:repeat="no-repeat"/></style:page-layout-properties></style:page-layout>
    <style:page-layout style:name="Image011"><style:page-layout-properties fo:page-width="8.5in" fo:page-height="11in" style:num-format="1" style:print-orientation="portrait" fo:margin-top="0in" fo:margin-bottom="0in" fo:margin-left="0in" fo:margin-right="0in" fo:background-color="transparent" style:writing-mode="lr-tb" style:footnote-max-height="0in"><style:background-image xlink:href="Pictures/Image-011.png" xlink:type="simple" xlink:actuate="onLoad" style:position="center center" style:repeat="no-repeat"/></style:page-layout-properties></style:page-layout>
    <style:page-layout style:name="Image012"><style:page-layout-properties fo:page-width="8.5in" fo:page-height="11in" style:num-format="1" style:print-orientation="portrait" fo:margin-top="0in" fo:margin-bottom="0in" fo:margin-left="0in" fo:margin-right="0in" fo:background-color="transparent" style:writing-mode="lr-tb" style:footnote-max-height="0in"><style:background-image xlink:href="Pictures/Image-012.png" xlink:type="simple" xlink:actuate="onLoad" style:position="center center" style:repeat="no-repeat"/></style:page-layout-properties></style:page-layout>
    <style:page-layout style:name="Image013"><style:page-layout-properties fo:page-width="8.5in" fo:page-height="11in" style:num-format="1" style:print-orientation="portrait" fo:margin-top="0in" fo:margin-bottom="0in" fo:margin-left="0in" fo:margin-right="0in" fo:background-color="transparent" style:writing-mode="lr-tb" style:footnote-max-height="0in"><style:background-image xlink:href="Pictures/Image-013.png" xlink:type="simple" xlink:actuate="onLoad" style:position="center center" style:repeat="no-repeat"/></style:page-layout-properties></style:page-layout>
    <style:page-layout style:name="Image014"><style:page-layout-properties fo:page-width="8.5in" fo:page-height="11in" style:num-format="1" style:print-orientation="portrait" fo:margin-top="0in" fo:margin-bottom="0in" fo:margin-left="0in" fo:margin-right="0in" fo:background-color="transparent" style:writing-mode="lr-tb" style:footnote-max-height="0in"><style:background-image xlink:href="Pictures/Image-014.png" xlink:type="simple" xlink:actuate="onLoad" style:position="center center" style:repeat="no-repeat"/></style:page-layout-properties></style:page-layout>
    <style:page-layout style:name="Image015"><style:page-layout-properties fo:page-width="8.5in" fo:page-height="11in" style:num-format="1" style:print-orientation="portrait" fo:margin-top="0in" fo:margin-bottom="0in" fo:margin-left="0in" fo:margin-right="0in" fo:background-color="transparent" style:writing-mode="lr-tb" style:footnote-max-height="0in"><style:background-image xlink:href="Pictures/Image-015.png" xlink:type="simple" xlink:actuate="onLoad" style:position="center center" style:repeat="no-repeat"/></style:page-layout-properties></style:page-layout>
    <style:page-layout style:name="Image016"><style:page-layout-properties fo:page-width="8.5in" fo:page-height="11in" style:num-format="1" style:print-orientation="portrait" fo:margin-top="0in" fo:margin-bottom="0in" fo:margin-left="0in" fo:margin-right="0in" fo:background-color="transparent" style:writing-mode="lr-tb" style:footnote-max-height="0in"><style:background-image xlink:href="Pictures/Image-016.png" xlink:type="simple" xlink:actuate="onLoad" style:position="center center" style:repeat="no-repeat"/></style:page-layout-properties></style:page-layout>
    <style:page-layout style:name="Image017"><style:page-layout-properties fo:page-width="8.5in" fo:page-height="11in" style:num-format="1" style:print-orientation="portrait" fo:margin-top="0in" fo:margin-bottom="0in" fo:margin-left="0in" fo:margin-right="0in" fo:background-color="transparent" style:writing-mode="lr-tb" style:footnote-max-height="0in"><style:background-image xlink:href="Pictures/Image-017.png" xlink:type="simple" xlink:actuate="onLoad" style:position="center center" style:repeat="no-repeat"/></style:page-layout-properties></style:page-layout>
    <style:page-layout style:name="Image018"><style:page-layout-properties fo:page-width="8.5in" fo:page-height="11in" style:num-format="1" style:print-orientation="portrait" fo:margin-top="0in" fo:margin-bottom="0in" fo:margin-left="0in" fo:margin-right="0in" fo:background-color="transparent" style:writing-mode="lr-tb" style:footnote-max-height="0in"><style:background-image xlink:href="Pictures/Image-018.png" xlink:type="simple" xlink:actuate="onLoad" style:position="center center" style:repeat="no-repeat"/></style:page-layout-properties></style:page-layout>
    <style:page-layout style:name="Image019"><style:page-layout-properties fo:page-width="8.5in" fo:page-height="11in" style:num-format="1" style:print-orientation="portrait" fo:margin-top="0in" fo:margin-bottom="0in" fo:margin-left="0in" fo:margin-right="0in" fo:background-color="transparent" style:writing-mode="lr-tb" style:footnote-max-height="0in"><style:background-image xlink:href="Pictures/Image-019.png" xlink:type="simple" xlink:actuate="onLoad" style:position="center center" style:repeat="no-repeat"/></style:page-layout-properties></style:page-layout>
    <style:page-layout style:name="Image020"><style:page-layout-properties fo:page-width="8.5in" fo:page-height="11in" style:num-format="1" style:print-orientation="portrait" fo:margin-top="0in" fo:margin-bottom="0in" fo:margin-left="0in" fo:margin-right="0in" fo:background-color="transparent" style:writing-mode="lr-tb" style:footnote-max-height="0in"><style:background-image xlink:href="Pictures/Image-020.png" xlink:type="simple" xlink:actuate="onLoad" style:position="center center" style:repeat="no-repeat"/></style:page-layout-properties></style:page-layout>
    <style:page-layout style:name="Image021"><style:page-layout-properties fo:page-width="8.5in" fo:page-height="11in" style:num-format="1" style:print-orientation="portrait" fo:margin-top="0in" fo:margin-bottom="0in" fo:margin-left="0in" fo:margin-right="0in" fo:background-color="transparent" style:writing-mode="lr-tb" style:footnote-max-height="0in"><style:background-image xlink:href="Pictures/Image-021.png" xlink:type="simple" xlink:actuate="onLoad" style:position="center center" style:repeat="no-repeat"/></style:page-layout-properties></style:page-layout>
    <style:page-layout style:name="Image022"><style:page-layout-properties fo:page-width="8.5in" fo:page-height="11in" style:num-format="1" style:print-orientation="portrait" fo:margin-top="0in" fo:margin-bottom="0in" fo:margin-left="0in" fo:margin-right="0in" fo:background-color="transparent" style:writing-mode="lr-tb" style:footnote-max-height="0in"><style:background-image xlink:href="Pictures/Image-022.png" xlink:type="simple" xlink:actuate="onLoad" style:position="center center" style:repeat="no-repeat"/></style:page-layout-properties></style:page-layout>
    <style:page-layout style:name="Image023"><style:page-layout-properties fo:page-width="8.5in" fo:page-height="11in" style:num-format="1" style:print-orientation="portrait" fo:margin-top="0in" fo:margin-bottom="0in" fo:margin-left="0in" fo:margin-right="0in" fo:background-color="transparent" style:writing-mode="lr-tb" style:footnote-max-height="0in"><style:background-image xlink:href="Pictures/Image-023.png" xlink:type="simple" xlink:actuate="onLoad" style:position="center center" style:repeat="no-repeat"/></style:page-layout-properties></style:page-layout>
    <style:page-layout style:name="Image024"><style:page-layout-properties fo:page-width="8.5in" fo:page-height="11in" style:num-format="1" style:print-orientation="portrait" fo:margin-top="0in" fo:margin-bottom="0in" fo:margin-left="0in" fo:margin-right="0in" fo:background-color="transparent" style:writing-mode="lr-tb" style:footnote-max-height="0in"><style:background-image xlink:href="Pictures/Image-024.png" xlink:type="simple" xlink:actuate="onLoad" style:position="center center" style:repeat="no-repeat"/></style:page-layout-properties></style:page-layout>
    <style:page-layout style:name="Image025"><style:page-layout-properties fo:page-width="8.5in" fo:page-height="11in" style:num-format="1" style:print-orientation="portrait" fo:margin-top="0in" fo:margin-bottom="0in" fo:margin-left="0in" fo:margin-right="0in" fo:background-color="transparent" style:writing-mode="lr-tb" style:footnote-max-height="0in"><style:background-image xlink:href="Pictures/Image-025.png" xlink:type="simple" xlink:actuate="onLoad" style:position="center center" style:repeat="no-repeat"/></style:page-layout-properties></style:page-layout>
    <style:page-layout style:name="Image026"><style:page-layout-properties fo:page-width="8.5in" fo:page-height="11in" style:num-format="1" style:print-orientation="portrait" fo:margin-top="0in" fo:margin-bottom="0in" fo:margin-left="0in" fo:margin-right="0in" fo:background-color="transparent" style:writing-mode="lr-tb" style:footnote-max-height="0in"><style:background-image xlink:href="Pictures/Image-026.png" xlink:type="simple" xlink:actuate="onLoad" style:position="center center" style:repeat="no-repeat"/></style:page-layout-properties></style:page-layout>
    <style:page-layout style:name="Image027"><style:page-layout-properties fo:page-width="8.5in" fo:page-height="11in" style:num-format="1" style:print-orientation="portrait" fo:margin-top="0in" fo:margin-bottom="0in" fo:margin-left="0in" fo:margin-right="0in" fo:background-color="transparent" style:writing-mode="lr-tb" style:footnote-max-height="0in"><style:background-image xlink:href="Pictures/Image-027.png" xlink:type="simple" xlink:actuate="onLoad" style:position="center center" style:repeat="no-repeat"/></style:page-layout-properties></style:page-layout>
    <style:page-layout style:name="Image028"><style:page-layout-properties fo:page-width="8.5in" fo:page-height="11in" style:num-format="1" style:print-orientation="portrait" fo:margin-top="0in" fo:margin-bottom="0in" fo:margin-left="0in" fo:margin-right="0in" fo:background-color="transparent" style:writing-mode="lr-tb" style:footnote-max-height="0in"><style:background-image xlink:href="Pictures/Image-028.png" xlink:type="simple" xlink:actuate="onLoad" style:position="center center" style:repeat="no-repeat"/></style:page-layout-properties></style:page-layout>
    <style:page-layout style:name="Image029"><style:page-layout-properties fo:page-width="8.5in" fo:page-height="11in" style:num-format="1" style:print-orientation="portrait" fo:margin-top="0in" fo:margin-bottom="0in" fo:margin-left="0in" fo:margin-right="0in" fo:background-color="transparent" style:writing-mode="lr-tb" style:footnote-max-height="0in"><style:background-image xlink:href="Pictures/Image-029.png" xlink:type="simple" xlink:actuate="onLoad" style:position="center center" style:repeat="no-repeat"/></style:page-layout-properties></style:page-layout>
    <style:page-layout style:name="Image030"><style:page-layout-properties fo:page-width="8.5in" fo:page-height="11in" style:num-format="1" style:print-orientation="portrait" fo:margin-top="0in" fo:margin-bottom="0in" fo:margin-left="0in" fo:margin-right="0in" fo:background-color="transparent" style:writing-mode="lr-tb" style:footnote-max-height="0in"><style:background-image xlink:href="Pictures/Image-030.png" xlink:type="simple" xlink:actuate="onLoad" style:position="center center" style:repeat="no-repeat"/></style:page-layout-properties></style:page-layout>
    <style:page-layout style:name="Image031"><style:page-layout-properties fo:page-width="8.5in" fo:page-height="11in" style:num-format="1" style:print-orientation="portrait" fo:margin-top="0in" fo:margin-bottom="0in" fo:margin-left="0in" fo:margin-right="0in" fo:background-color="transparent" style:writing-mode="lr-tb" style:footnote-max-height="0in"><style:background-image xlink:href="Pictures/Image-031.png" xlink:type="simple" xlink:actuate="onLoad" style:position="center center" style:repeat="no-repeat"/></style:page-layout-properties></style:page-layout>
    <style:page-layout style:name="Image032"><style:page-layout-properties fo:page-width="8.5in" fo:page-height="11in" style:num-format="1" style:print-orientation="portrait" fo:margin-top="0in" fo:margin-bottom="0in" fo:margin-left="0in" fo:margin-right="0in" fo:background-color="transparent" style:writing-mode="lr-tb" style:footnote-max-height="0in"><style:background-image xlink:href="Pictures/Image-032.png" xlink:type="simple" xlink:actuate="onLoad" style:position="center center" style:repeat="no-repeat"/></style:page-layout-properties></style:page-layout>
    <style:page-layout style:name="Image033"><style:page-layout-properties fo:page-width="8.5in" fo:page-height="11in" style:num-format="1" style:print-orientation="portrait" fo:margin-top="0in" fo:margin-bottom="0in" fo:margin-left="0in" fo:margin-right="0in" fo:background-color="transparent" style:writing-mode="lr-tb" style:footnote-max-height="0in"><style:background-image xlink:href="Pictures/Image-033.png" xlink:type="simple" xlink:actuate="onLoad" style:position="center center" style:repeat="no-repeat"/></style:page-layout-properties></style:page-layout>
    <style:page-layout style:name="Image034"><style:page-layout-properties fo:page-width="8.5in" fo:page-height="11in" style:num-format="1" style:print-orientation="portrait" fo:margin-top="0in" fo:margin-bottom="0in" fo:margin-left="0in" fo:margin-right="0in" fo:background-color="transparent" style:writing-mode="lr-tb" style:footnote-max-height="0in"><style:background-image xlink:href="Pictures/Image-034.png" xlink:type="simple" xlink:actuate="onLoad" style:position="center center" style:repeat="no-repeat"/></style:page-layout-properties></style:page-layout>
    <style:page-layout style:name="Image035"><style:page-layout-properties fo:page-width="8.5in" fo:page-height="11in" style:num-format="1" style:print-orientation="portrait" fo:margin-top="0in" fo:margin-bottom="0in" fo:margin-left="0in" fo:margin-right="0in" fo:background-color="transparent" style:writing-mode="lr-tb" style:footnote-max-height="0in"><style:background-image xlink:href="Pictures/Image-035.png" xlink:type="simple" xlink:actuate="onLoad" style:position="center center" style:repeat="no-repeat"/></style:page-layout-properties></style:page-layout>
    <style:page-layout style:name="Image036"><style:page-layout-properties fo:page-width="8.5in" fo:page-height="11in" style:num-format="1" style:print-orientation="portrait" fo:margin-top="0in" fo:margin-bottom="0in" fo:margin-left="0in" fo:margin-right="0in" fo:background-color="transparent" style:writing-mode="lr-tb" style:footnote-max-height="0in"><style:background-image xlink:href="Pictures/Image-036.png" xlink:type="simple" xlink:actuate="onLoad" style:position="center center" style:repeat="no-repeat"/></style:page-layout-properties></style:page-layout>
    <style:page-layout style:name="Image037"><style:page-layout-properties fo:page-width="8.5in" fo:page-height="11in" style:num-format="1" style:print-orientation="portrait" fo:margin-top="0in" fo:margin-bottom="0in" fo:margin-left="0in" fo:margin-right="0in" fo:background-color="transparent" style:writing-mode="lr-tb" style:footnote-max-height="0in"><style:background-image xlink:href="Pictures/Image-037.png" xlink:type="simple" xlink:actuate="onLoad" style:position="center center" style:repeat="no-repeat"/></style:page-layout-properties></style:page-layout>
    <style:page-layout style:name="Image038"><style:page-layout-properties fo:page-width="8.5in" fo:page-height="11in" style:num-format="1" style:print-orientation="portrait" fo:margin-top="0in" fo:margin-bottom="0in" fo:margin-left="0in" fo:margin-right="0in" fo:background-color="transparent" style:writing-mode="lr-tb" style:footnote-max-height="0in"><style:background-image xlink:href="Pictures/Image-038.png" xlink:type="simple" xlink:actuate="onLoad" style:position="center center" style:repeat="no-repeat"/></style:page-layout-properties></style:page-layout>
    <style:page-layout style:name="Image039"><style:page-layout-properties fo:page-width="8.5in" fo:page-height="11in" style:num-format="1" style:print-orientation="portrait" fo:margin-top="0in" fo:margin-bottom="0in" fo:margin-left="0in" fo:margin-right="0in" fo:background-color="transparent" style:writing-mode="lr-tb" style:footnote-max-height="0in"><style:background-image xlink:href="Pictures/Image-039.png" xlink:type="simple" xlink:actuate="onLoad" style:position="center center" style:repeat="no-repeat"/></style:page-layout-properties></style:page-layout>
    <style:page-layout style:name="Image040"><style:page-layout-properties fo:page-width="8.5in" fo:page-height="11in" style:num-format="1" style:print-orientation="portrait" fo:margin-top="0in" fo:margin-bottom="0in" fo:margin-left="0in" fo:margin-right="0in" fo:background-color="transparent" style:writing-mode="lr-tb" style:footnote-max-height="0in"><style:background-image xlink:href="Pictures/Image-040.png" xlink:type="simple" xlink:actuate="onLoad" style:position="center center" style:repeat="no-repeat"/></style:page-layout-properties></style:page-layout>
    <style:page-layout style:name="Image041"><style:page-layout-properties fo:page-width="8.5in" fo:page-height="11in" style:num-format="1" style:print-orientation="portrait" fo:margin-top="0in" fo:margin-bottom="0in" fo:margin-left="0in" fo:margin-right="0in" fo:background-color="transparent" style:writing-mode="lr-tb" style:footnote-max-height="0in"><style:background-image xlink:href="Pictures/Image-041.png" xlink:type="simple" xlink:actuate="onLoad" style:position="center center" style:repeat="no-repeat"/></style:page-layout-properties></style:page-layout>
    <style:page-layout style:name="Image042"><style:page-layout-properties fo:page-width="8.5in" fo:page-height="11in" style:num-format="1" style:print-orientation="portrait" fo:margin-top="0in" fo:margin-bottom="0in" fo:margin-left="0in" fo:margin-right="0in" fo:background-color="transparent" style:writing-mode="lr-tb" style:footnote-max-height="0in"><style:background-image xlink:href="Pictures/Image-042.png" xlink:type="simple" xlink:actuate="onLoad" style:position="center center" style:repeat="no-repeat"/></style:page-layout-properties></style:page-layout>
    <style:page-layout style:name="Image043"><style:page-layout-properties fo:page-width="8.5in" fo:page-height="11in" style:num-format="1" style:print-orientation="portrait" fo:margin-top="0in" fo:margin-bottom="0in" fo:margin-left="0in" fo:margin-right="0in" fo:background-color="transparent" style:writing-mode="lr-tb" style:footnote-max-height="0in"><style:background-image xlink:href="Pictures/Image-043.png" xlink:type="simple" xlink:actuate="onLoad" style:position="center center" style:repeat="no-repeat"/></style:page-layout-properties></style:page-layout>
    <style:page-layout style:name="Image044"><style:page-layout-properties fo:page-width="8.5in" fo:page-height="11in" style:num-format="1" style:print-orientation="portrait" fo:margin-top="0in" fo:margin-bottom="0in" fo:margin-left="0in" fo:margin-right="0in" fo:background-color="transparent" style:writing-mode="lr-tb" style:footnote-max-height="0in"><style:background-image xlink:href="Pictures/Image-044.png" xlink:type="simple" xlink:actuate="onLoad" style:position="center center" style:repeat="no-repeat"/></style:page-layout-properties></style:page-layout>
    <style:page-layout style:name="Image045"><style:page-layout-properties fo:page-width="8.5in" fo:page-height="11in" style:num-format="1" style:print-orientation="portrait" fo:margin-top="0in" fo:margin-bottom="0in" fo:margin-left="0in" fo:margin-right="0in" fo:background-color="transparent" style:writing-mode="lr-tb" style:footnote-max-height="0in"><style:background-image xlink:href="Pictures/Image-045.png" xlink:type="simple" xlink:actuate="onLoad" style:position="center center" style:repeat="no-repeat"/></style:page-layout-properties></style:page-layout>
    <style:page-layout style:name="Image046"><style:page-layout-properties fo:page-width="8.5in" fo:page-height="11in" style:num-format="1" style:print-orientation="portrait" fo:margin-top="0in" fo:margin-bottom="0in" fo:margin-left="0in" fo:margin-right="0in" fo:background-color="transparent" style:writing-mode="lr-tb" style:footnote-max-height="0in"><style:background-image xlink:href="Pictures/Image-046.png" xlink:type="simple" xlink:actuate="onLoad" style:position="center center" style:repeat="no-repeat"/></style:page-layout-properties></style:page-layout>
    <style:page-layout style:name="Image047"><style:page-layout-properties fo:page-width="8.5in" fo:page-height="11in" style:num-format="1" style:print-orientation="portrait" fo:margin-top="0in" fo:margin-bottom="0in" fo:margin-left="0in" fo:margin-right="0in" fo:background-color="transparent" style:writing-mode="lr-tb" style:footnote-max-height="0in"><style:background-image xlink:href="Pictures/Image-047.png" xlink:type="simple" xlink:actuate="onLoad" style:position="center center" style:repeat="no-repeat"/></style:page-layout-properties></style:page-layout>
    <style:page-layout style:name="Image048"><style:page-layout-properties fo:page-width="8.5in" fo:page-height="11in" style:num-format="1" style:print-orientation="portrait" fo:margin-top="0in" fo:margin-bottom="0in" fo:margin-left="0in" fo:margin-right="0in" fo:background-color="transparent" style:writing-mode="lr-tb" style:footnote-max-height="0in"><style:background-image xlink:href="Pictures/Image-048.png" xlink:type="simple" xlink:actuate="onLoad" style:position="center center" style:repeat="no-repeat"/></style:page-layout-properties></style:page-layout>
    <style:page-layout style:name="Image049"><style:page-layout-properties fo:page-width="8.5in" fo:page-height="11in" style:num-format="1" style:print-orientation="portrait" fo:margin-top="0in" fo:margin-bottom="0in" fo:margin-left="0in" fo:margin-right="0in" fo:background-color="transparent" style:writing-mode="lr-tb" style:footnote-max-height="0in"><style:background-image xlink:href="Pictures/Image-049.png" xlink:type="simple" xlink:actuate="onLoad" style:position="center center" style:repeat="no-repeat"/></style:page-layout-properties></style:page-layout>
    <style:page-layout style:name="Image050"><style:page-layout-properties fo:page-width="8.5in" fo:page-height="11in" style:num-format="1" style:print-orientation="portrait" fo:margin-top="0in" fo:margin-bottom="0in" fo:margin-left="0in" fo:margin-right="0in" fo:background-color="transparent" style:writing-mode="lr-tb" style:footnote-max-height="0in"><style:background-image xlink:href="Pictures/Image-050.png" xlink:type="simple" xlink:actuate="onLoad" style:position="center center" style:repeat="no-repeat"/></style:page-layout-properties></style:page-layout>
  </office:automatic-styles>
  <office:master-styles>
    <style:master-page style:name="Image001" style:page-layout-name="Image001"/>
    <style:master-page style:name="Image002" style:page-layout-name="Image002"/>
    <style:master-page style:name="Image003" style:page-layout-name="Image003"/>
    <style:master-page style:name="Image004" style:page-layout-name="Image004"/>
    <style:master-page style:name="Image005" style:page-layout-name="Image005"/>
    <style:master-page style:name="Image006" style:page-layout-name="Image006"/>
    <style:master-page style:name="Image007" style:page-layout-name="Image007"/>
    <style:master-page style:name="Image008" style:page-layout-name="Image008"/>
    <style:master-page style:name="Image009" style:page-layout-name="Image009"/>
    <style:master-page style:name="Image010" style:page-layout-name="Image010"/>
    <style:master-page style:name="Image011" style:page-layout-name="Image011"/>
    <style:master-page style:name="Image012" style:page-layout-name="Image012"/>
    <style:master-page style:name="Image013" style:page-layout-name="Image013"/>
    <style:master-page style:name="Image014" style:page-layout-name="Image014"/>
    <style:master-page style:name="Image015" style:page-layout-name="Image015"/>
    <style:master-page style:name="Image016" style:page-layout-name="Image016"/>
    <style:master-page style:name="Image017" style:page-layout-name="Image017"/>
    <style:master-page style:name="Image018" style:page-layout-name="Image018"/>
    <style:master-page style:name="Image019" style:page-layout-name="Image019"/>
    <style:master-page style:name="Image020" style:page-layout-name="Image020"/>
    <style:master-page style:name="Image021" style:page-layout-name="Image021"/>
    <style:master-page style:name="Image022" style:page-layout-name="Image022"/>
    <style:master-page style:name="Image023" style:page-layout-name="Image023"/>
    <style:master-page style:name="Image024" style:page-layout-name="Image024"/>
    <style:master-page style:name="Image025" style:page-layout-name="Image025"/>
    <style:master-page style:name="Image026" style:page-layout-name="Image026"/>
    <style:master-page style:name="Image027" style:page-layout-name="Image027"/>
    <style:master-page style:name="Image028" style:page-layout-name="Image028"/>
    <style:master-page style:name="Image029" style:page-layout-name="Image029"/>
    <style:master-page style:name="Image030" style:page-layout-name="Image030"/>
    <style:master-page style:name="Image031" style:page-layout-name="Image031"/>
    <style:master-page style:name="Image032" style:page-layout-name="Image032"/>
    <style:master-page style:name="Image033" style:page-layout-name="Image033"/>
    <style:master-page style:name="Image034" style:page-layout-name="Image034"/>
    <style:master-page style:name="Image035" style:page-layout-name="Image035"/>
    <style:master-page style:name="Image036" style:page-layout-name="Image036"/>
    <style:master-page style:name="Image037" style:page-layout-name="Image037"/>
    <style:master-page style:name="Image038" style:page-layout-name="Image038"/>
    <style:master-page style:name="Image039" style:page-layout-name="Image039"/>
    <style:master-page style:name="Image040" style:page-layout-name="Image040"/>
    <style:master-page style:name="Image041" style:page-layout-name="Image041"/>
    <style:master-page style:name="Image042" style:page-layout-name="Image042"/>
    <style:master-page style:name="Image043" style:page-layout-name="Image043"/>
    <style:master-page style:name="Image044" style:page-layout-name="Image044"/>
    <style:master-page style:name="Image045" style:page-layout-name="Image045"/>
    <style:master-page style:name="Image046" style:page-layout-name="Image046"/>
    <style:master-page style:name="Image047" style:page-layout-name="Image047"/>
    <style:master-page style:name="Image048" style:page-layout-name="Image048"/>
    <style:master-page style:name="Image049" style:page-layout-name="Image049"/>
    <style:master-page style:name="Image050" style:page-layout-name="Image050"/>
  </office:master-styles>
</office:document-styles>
